{"presets":
  {"midnight":
    {"subcategory_bg": "#ffffff",
     "show_rss": true,
     "show_socialmedia": true,
     "linklist_header_three": "",
     "show_facebook": true,
     "show_flickr": true,
     "mail_url": "fakeemail@markdunkley.com",
     "active_border": "#ffffff",
     "include_shopifylink": true,
     "frontpage_3images": false,
     "footer_border_dark": "#000000",
     "rss_url": "http://feeds.feedburner.com/MarkDunkley",
     "linklist_category": "",
     "show_amex": true,
     "content_background": "#ffffff",
     "dropdown_border_color": "#c2c2c2",
     "footer_link": "#ffffff",
     "linklist_header_one": "footer",
     "light_border": "#7b7b7b",
     "include_themeauthorlink": true,
     "transparent_content_background": true,
     "flickr_url": "http://www.flickr.com/photos/markdunkley/",
     "main_text_color": "#bbb",
     "footer_text": "#dce2e1",
     "logo_color": "#ffffff",
     "linklist_header_two": "",
     "slide4_link": "",
     "frontpage_3pages_one": "about-us",
     "link_color": "#cf3636",
     "slide3_link": "http://helveticatheme.myshopify.com/pages/about-the-paradigm-theme",
     "frontpage_3pages_three": "about-us",
     "use_dark_search_icon": false,
     "active_tag_button_color": "#e7e7e7",
     "frontpage_3pages_two": "about-us",
     "tag_text_color": "#333333",
     "slide2_link": "http://helveticatheme.myshopify.com/pages/about-the-paradigm-theme",
     "facebook_url": "http://facebook.com",
     "color_background": "#000000",
     "slide5_link": "",
     "sale_icon": "#bc3131",
     "slideshow_limit": "three",
     "store_address": "61A York Street - 1.888.192.1920",
     "tag_text_color_hover": "#d63131",
     "show_twitter": true,
     "show_paypal": true,
     "frontpage_3images_three_url": "",
     "frontpage_3images_one_url": "",
     "button_color": "#bc3131",
     "linklist_nav": "main-menu",
     "twitter_url": "http://twitter.com/markdunkley",
     "text_color": "#eeeeee",
     "bg_image": "bg-midnight.jpg",
     "show_visa": true,
     "frontpage_right": "about-us",
     "custom_logo": false,
     "how_many_products": "16",
     "frontpage_collection": "frontpage",
     "slide1_link": "http://helveticatheme.myshopify.com/pages/about-the-paradigm-theme",
     "show_master": true,
     "frontpage_3pages": false,
     "headings": "#ffffff",
     "frontpage_left": "frontpage",
     "show_discover": true,
     "tag_text_active": "#ffffff",
     "slideshow_speed": "5",
     "dropdown_text_color": "#767676",
     "button_color_top": "#bc3131",
     "enable_creditcards": true,
     "link_hover_color": "#d63131",
     "footer_border_light": "#333333",
     "show_mail": true,
     "button_border": "#000000",
     "frontpage_3images_two_url": ""},
   "helvetica":
    {"subcategory_bg": "#fafafa",
     "show_rss": true,
     "show_socialmedia": true,
     "linklist_header_three": "",
     "show_facebook": true,
     "show_flickr": true,
     "mail_url": "fakeemail@markdunkley.com",
     "active_border": "#333333",
     "include_shopifylink": true,
     "frontpage_3images": true,
     "meta_description": "",
     "footer_border_dark": "#c8c8c8",
     "rss_url": "http://feeds.feedburner.com/MarkDunkley",
     "linklist_category": "",
     "show_amex": true,
     "content_background": "#ffffff",
     "show_product_social": true,
     "dropdown_border_color": "#5c5c5c",
     "footer_link": "#888888",
     "meta_keywords": "",
     "linklist_header_one": "footer",
     "light_border": "#e5e5e5",
     "include_themeauthorlink": true,
     "transparent_content_background": false,
     "flickr_url": "http://www.flickr.com/photos/markdunkley/",
     "main_text_color": "#bbb",
     "footer_text": "#666",
     "logo_color": "#353535",
     "linklist_header_two": "",
     "customer_layout": "theme",
     "slide4_link": "",
     "frontpage_3pages_one": "",
     "link_color": "#1571b2",
     "slide3_link": "http://helveticatheme.myshopify.com/pages/about-the-paradigm-theme",
     "frontpage_3pages_three": "",
     "use_dark_search_icon": false,
     "home_title_tag": "",
     "active_tag_button_color": "#ececec",
     "frontpage_3pages_two": "",
     "tag_text_color": "#333333",
     "slide2_link": "http://helveticatheme.myshopify.com/pages/about-the-paradigm-theme",
     "facebook_url": "http://facebook.com",
     "color_background": "#f1f1f1",
     "slide5_link": "",
     "sale_icon": "#FF6066",
     "slideshow_limit": "three",
     "store_address": "61A York Street - 1.888.192.1920",
     "tag_text_color_hover": "#333333",
     "show_twitter": true,
     "show_paypal": true,
     "frontpage_3images_three_url": "http://helveticatheme.myshopify.com/pages/about-the-paradigm-theme",
     "frontpage_3images_one_url": "http://helveticatheme.myshopify.com/pages/about-the-paradigm-theme",
     "button_color": "#0A8CB5",
     "linklist_nav": "main-menu",
     "twitter_url": "http://twitter.com/markdunkley",
     "text_color": "#666",
     "bg_image": "bg-lightgrey.jpg",
     "show_visa": true,
     "frontpage_right": "about-us",
     "custom_logo": false,
     "how_many_products": "16",
     "frontpage_collection": "frontpage",
     "slide1_link": "http://helveticatheme.myshopify.com/pages/about-the-paradigm-theme",
     "show_master": true,
     "frontpage_3pages": false,
     "slideshow_speed": "5",
     "tag_text_active": "#ffffff",
     "show_discover": true,
     "frontpage_left": "frontpage",
     "headings": "#333333",
     "enable_creditcards": true,
     "button_color_top": "#3AADD3",
     "dropdown_text_color": "#ededed",
     "frontpage_3images_two_url": "http://helveticatheme.myshopify.com/pages/about-the-paradigm-theme",
     "button_border": "#858585",
     "show_mail": true,
     "footer_border_light": "#efefef",
     "link_hover_color": "#50a0d8"}},
 "current": "helvetica"}